[{"product_id":10000151,"name":"Redmi K20 Pro ","desc":"骁龙855处理器, 弹出式极界全面屏","image":"https://cdn.cnbj1.fds.api.mi-img.com/mi-mall/097f0cf50bebae139744def8bc62d6df.jpg?w=1708&h=868","price":2299,"del":2599},{"product_id":10000150,"name":"Redmi K20","desc":"弹出全面屏，4800万三摄","image":"https://cdn.cnbj1.fds.api.mi-img.com/mi-mall/6de54004880564306b8730fc92c64dae.jpg","price":1799,"del":2099},{"product_id":10000152,"name":"Redmi 7A","desc":"骁龙8核处理器","image":"https://cdn.cnbj1.fds.api.mi-img.com/mi-mall/8f2ab52a8c96e5b9ae692576763d641c.jpg?w=1212&h=716","price":579,"del":599},{"product_id":10000134,"name":"小米9","desc":"全息幻彩机身，骁龙855 ","image":"https://cdn.cnbj1.fds.api.mi-img.com/mi-mall/271093cb5862f9b0073b0bf813e04f52.jpg","price":2799,"del":3299},{"product_id":9455,"name":"Redmi Note 7 Pro","desc":"索尼4800万超清拍照","image":"https://cdn.cnbj1.fds.api.mi-img.com/mi-mall/3c2b5f75d6ee4ebb3cb79e8b6b094a5f.jpg?w=1212&h=716","price":1399,"del":1599},{"product_id":10000131,"name":"Redmi Note 7","desc":"4800万拍照 长续航 ","image":"https://cdn.cnbj1.fds.api.mi-img.com/mi-mall/8cb25a30b89e1db8476414a95d27816d.jpg","price":1099,"del":1399},{"product_id":10000138,"name":"Redmi 7 ","desc":"4000mAh超长续航","image":"https://cdn.cnbj1.fds.api.mi-img.com/mi-mall/f422d4f9a7ca334cd00bcbea2e48cbc2.jpg?w=1212&h=716","price":699,"del":799},{"product_id":10000135,"name":"小米9 SE","desc":"索尼4800万三摄，骁龙712","image":"https://cdn.cnbj1.fds.api.mi-img.com/mi-mall/d02a52c64ecf13f1a3137e062628f20e.jpg","price":1599,"del":1999},{"product_id":10000139,"name":"黑鲨游戏手机 2","desc":"骁龙855，立体触控","image":"https://cdn.cnbj1.fds.api.mi-img.com/mi-mall/7fc0687b6a790ce3689eb6a47ef71110.jpg","price":2699,"del":3499}]